Ashfield ,Region
Auburn,Region
Barre,Region
Berlin,Region
Bernardston ,Region
Blackstone,Region
Boylston,Region
Brookfield,Region
Buckland ,Region
Charlemont ,Region
Charlton,Region
Colrain ,Region
Conway ,Region
Dedham,Muni
Deerfield ,Region
Douglas,Region
Dudley,Region
Duxbury,Muni
East Brookfield,Region
Erving ,Region
Everett,Muni
Fall River,Muni
Gill ,Region
Grafton,Region
Greenfield,Muni
Hardwick,Region
Hawley ,Region
Heath ,Region
Holden,Region
Hopedale,Region
Lancaster,Muni
Leicester,Region
Leverett ,Region
Leyden ,Region
Lowell,Muni
Lunenburg,Muni
Lynn,Muni
Malden,Muni
Melrose,Muni
Mendon,Region
Millbury,Region
Millville,Region
Monroe ,Region
Montague ,Region
Nahant,Muni
Natick,Muni
New Braintree,Region
New Salem ,Region
North Attleboro,Muni
North Brookfield,Region
Northborough,Region
Northbridge,Region
Northfield ,Region
Oakham,Region
Orange ,Region
Oxford,Region
Paxton,Region
Pittsfield,Muni
Princeton,Region
Rowe ,Region
Rutland,Region
Saugus,Muni
Shelburne ,Region
Sherborn,Muni
Shrewsbury,Region
Shutesbury ,Region
Southborough,Muni
Southbridge,Region
Spencer,Region
Sturbridge,Region
Sunderland ,Region
Sutton,Region
Upton,Region
Uxbridge,Region
Wakefield,Muni
Waltham,Muni
Warren,Region
Warwick ,Region
Webster,Region
Wendell ,Region
West Boylston,Region
West Brookfield,Region
Westborough,Region
Whately ,Region
Williamsburg,Muni
Worcester,Region
North Attleborough,Muni